<?xml version="1.0" encoding="UTF-8"?>
<project-private xmlns="http://www.netbeans.org/ns/project-private/1">
    <editor-bookmarks xmlns="http://www.netbeans.org/ns/editor-bookmarks/2" lastBookmarkId="0"/>
    <open-files xmlns="http://www.netbeans.org/ns/projectui-open-files/2">
        <group>
            <file>file:/C:/Users/laris/OneDrive/Documents/NetBeansProjects/MoraisParkingJava/src/telas/TelaIdentificacaoVeiculo.java</file>
            <file>file:/C:/Users/laris/OneDrive/Documents/NetBeansProjects/MoraisParkingJava/src/view/Main.java</file>
            <file>file:/C:/Users/laris/OneDrive/Documents/NetBeansProjects/MoraisParkingJava/src/telas/TelaPrincipal.java</file>
            <file>file:/C:/Users/laris/OneDrive/Documents/NetBeansProjects/MoraisParkingJava/src/telas/TelaMonitoramento.java</file>
            <file>file:/C:/Users/laris/OneDrive/Documents/NetBeansProjects/MoraisParkingJava/src/model/Estacionamento.java</file>
            <file>file:/C:/Users/laris/OneDrive/Documents/NetBeansProjects/MoraisParkingJava/src/telas/TelaCadastroVeiculo.java</file>
        </group>
    </open-files>
</project-private>
